"date","date.mean","holiday","new_thanks","high.temp","low.temp","humidity","rain","temp","wind"
"2016-10-01",0.358444270015699,1,0,23.6,17.6,82.4583333333333,1,20.45416675,0.883333333333333
"2016-10-02",0.382202660406886,1,0,23.9,17.200001,89.25,1,20.8791667083333,3.13333333333333
"2016-10-03",0.384494522691706,1,0,24.9,18.6,81.625,0,21.4750002083333,2.025
"2016-10-04",0.311238467552776,0,0,28.1,18.6,68.7083333333333,0,23.2083334166667,2.3875
"2016-10-05",0.284706157443492,0,0,24.700001,13.7,76.2916666666667,0,19.3791667083333,2.14166666666667
"2016-10-06",0.296569086651054,0,0,20.700001,15.4,66.0833333333333,0,18.3541669583333,2.29583333333333
"2016-10-07",0.285494172494172,0,0,24.6,16.1,82.0833333333333,1,19.341666875,1.74583333333333
"2016-10-08",0.332444186046512,1,0,21.1,10.3,62.2916666666667,0,15.820833375,3.41666666666667
"2016-10-09",0.337733333333333,1,0,14.9,11.5,53.3333333333333,0,12.9625,2.12916666666667
"2016-10-10",0.273353941267388,0,0,17.200001,9.7,62.4583333333333,0,12.7458334583333,0.895833333333333
"2016-10-11",0.283859013867488,0,0,20.799999,14,67,0,16.3458333333333,0.841666666666667
"2016-10-12",0.284963762528913,0,0,18.200001,11.4,58.0833333333333,0,14.7083334166667,1.425
"2016-10-13",0.287879815100154,0,0,19.6,10.6,63.4583333333333,0,14.7124999166667,0.9625
"2016-10-14",0.305496147919877,0,0,23,13.5,70.3333333333333,0,17.695833375,1.04166666666667
"2016-10-15",0.358711093990755,1,0,25.4,17.5,62.8333333333333,0,20.8916667916667,1.65
"2016-10-16",0.355845797995374,1,0,19.299999,15.7,85.4166666666667,1,17.0583334166667,1.14583333333333
"2016-10-17",0.3062781201849,0,0,21.6,10.9,79.2916666666667,0,16.65,1.39166666666667
"2016-10-18",0.302307395993837,0,0,22.6,11.6,74.0833333333333,0,15.84583325,0.908333333333333
"2016-10-19",0.293638888888889,0,0,22.4,11.3,78.2916666666667,0,16.4583332916667,1.06666666666667
"2016-10-20",0.288986164488855,0,0,21.4,16.4,72.5416666666667,0,18.616666625,2.03333333333333
"2016-10-21",0.276497305619707,0,0,19.700001,14.6,73.2083333333333,0,17.1750000416667,1.5
"2016-10-22",0.375202307692308,1,0,20.9,16.9,72.125,1,18.5625000833333,2.16666666666667
"2016-10-23",0.370827824750192,1,0,18.1,10.2,80.5833333333333,1,12.7458334166667,2.85416666666667
"2016-10-24",0.295750384024578,0,0,19,13.4,74.6666666666667,1,15.999999875,2.37083333333333
"2016-10-25",0.285865797546012,0,0,18.700001,11.8,81.4583333333333,1,14.8083334583333,1.725
"2016-10-26",0.284183846153846,0,0,17.700001,12.3,69.4583333333333,0,15.2833334166667,1.8125
"2016-10-27",0.277633640552995,0,0,17.1,13,74.75,1,15.2666667083333,1.54583333333333
"2016-10-28",0.289842791411043,0,0,17.299999,9.3,61.6666666666667,0,13.5,2.57916666666667
"2016-10-29",0.341513409961686,1,0,10.9,4.6,55.5833333333333,0,7.82916666666667,1.82916666666667
"2016-10-30",0.367183422870299,1,0,14.2,6.4,48.0833333333333,0,9.64583333333333,0.995833333333333
"2016-10-31",0.266796779141104,0,0,10.9,2.9,62.7083333333333,1,7.27916666666667,2.47916666666667
"2016-11-01",0.27872009202454,0,0,6.7,2,62.75,0,4,1.6875
"2016-11-02",0.277135176651306,0,0,11.8,5.3,63.6666666666667,1,9.1,1.32916666666667
"2016-11-03",0.282924137931034,0,0,15.6,5.9,64.7916666666667,0,10.2916666666667,1.4125
"2016-11-04",0.29391724137931,0,0,16.6,12.4,76,0,14.5041666666667,2.77083333333333
"2016-11-05",0.367180491551459,1,0,19.1,12.6,87.875,0,15.6083334166667,1.73333333333333
"2016-11-06",0.396223159509202,1,0,19.5,10.9,69.7916666666667,0,15.0749999583333,2.09166666666667
"2016-11-07",0.295947932618683,0,0,16.799999,5.6,74.75,1,11.6708332916667,2.68333333333333
"2016-11-08",0.282592960979342,0,0,8.5,1.5,54.6666666666667,0,4.975,3.06666666666667
"2016-11-09",0.287092649310873,0,0,7.2,1.9,54.5416666666667,0,4.36666666666667,1.3375
"2016-11-10",0.288879019908116,0,0,10.5,5.1,72.7083333333333,1,8.18333333333333,1.42916666666667
"2016-11-11",0.309693955623565,0,0,14.1,7.1,65.875,0,9.96666666666667,1.91666666666667
"2016-11-12",0.375757274119449,1,0,16.799999,10,75.5,0,13.2374999583333,1.89166666666667
"2016-11-13",0.386420445810915,1,0,19.1,13.2,75.375,1,15.779166625,1.23333333333333
"2016-11-14",0.330868865030675,0,0,18.1,6.9,72.875,1,12.912500125,1.47916666666667
"2016-11-15",0.302324427480916,0,0,9.8,0.7,61.3333333333333,0,5.72916666666667,1.62083333333333
"2016-11-16",0.308016067329763,0,0,11.3,3.5,60.9166666666667,0,7.18333333333333,0.925
"2016-11-17",0.317246165644172,0,0,14.8,4.9,71.9166666666667,0,9.27916666666667,1.16666666666667
"2016-11-18",0.355558103975535,0,0,14.9,9.4,81.8333333333333,1,11.2208333333333,1.05833333333333
"2016-11-19",0.494845329249617,1,0,15.1,7.5,87.2916666666667,0,12.1375,1.4
"2016-11-20",0.47379679144385,1,0,12.3,9.3,51.3333333333333,0,10.8,2.9375
"2016-11-21",0.330331039755352,0,0,13.5,4,63.2916666666667,0,9.79166666666667,2.04583333333333
"2016-11-22",0.318084732824428,0,0,4.7,0.2,55.3333333333333,0,2.38333333333333,2.875
"2016-11-23",0.32132874617737,0,0,3.7,0.2,55.2916666666667,0,1.82916666666667,2.60833333333333
"2016-11-24",0.315123088685015,0,0,3.9,0.7,58.1666666666667,0,1.90833333333333,1.625
"2016-11-25",0.337406417112299,0,0,7.2,0.5,58.25,0,3.45,1.4125
"2016-11-26",0.505183141762452,1,0,4.8,2.2,85.5,1,3.44583333333333,1.59166666666667
"2016-11-27",0.446058823529412,1,0,10.7,1.1,70.7083333333333,0,6.425,1.8125
"2016-11-28",0.323516079632466,0,0,6.5,0.3,58.875,0,3.5875,1.62916666666667
"2016-11-29",0.309391570881226,0,0,8,0.5,54.3333333333333,0,4.24166666666667,1.14166666666667
"2016-11-30",0.292149310872894,0,0,9.9,5.3,65.7083333333333,0,8.56666666666667,1.68333333333333
"2016-12-01",0.306826086956522,0,0,9.2,-2.1,60.625,0,3.7875,2.20833333333333
"2016-12-02",0.389548275862069,0,0,8.5,-0.6,74.3333333333333,0,3.31666666666667,0.991666666666667
"2016-12-03",0.372931582584658,1,0,10.8,2.8,73.3333333333333,0,5.75,0.666666666666667
"2016-12-04",0.280718081435473,1,0,10.4,5,79.8333333333333,0,8.26666666666667,1.56666666666667
"2016-12-05",0.244082304526749,0,0,12.1,-0.2,63.2083333333333,0,5.92083333333333,3.57083333333333
"2016-12-06",0.285493897787948,0,0,4.6,-2.9,51.5416666666667,1,0.7625,1.7125
"2016-12-07",0.279428353658537,0,0,10.6,-0.9,73.25,0,4.24166666666667,1.34583333333333
"2016-12-08",0.297028136882129,0,0,8.9,2.4,71,1,6.17083333333333,2.54166666666667
"2016-12-09",0.286352851711027,0,0,5.2,-2.1,62.4166666666667,0,2.0875,2.16666666666667
"2016-12-10",0.315836626139818,1,0,5.4,-3.6,54.2916666666667,0,1.475,1.40833333333333
"2016-12-11",0.306587652439024,1,0,6.7,-1.9,49.9166666666667,0,1.35833333333333,1.3625
"2016-12-12",0.275751908396947,0,0,9.4,1.2,58.7916666666667,0,4.8375,1.05833333333333
"2016-12-13",0.268770928462709,0,0,6.9,0.3,63.9166666666667,0,3.22083333333333,2.075
"2016-12-14",0.275414133738602,0,0,2.3,-2.5,63.875,0,-0.00833333333333335,2.14166666666667
"2016-12-15",0.26008807896735,0,0,0.8,-5.1,55.875,0,-1.84583333333333,2.78333333333333
"2016-12-16",0.277416352675207,0,0,3,-2.3,66.2916666666667,0,0.8,1.69166666666667
"2016-12-17",0.318791167664671,1,0,11.1,4.1,69.25,0,6.63333333333333,1.66666666666667
"2016-12-18",0.314326151560178,1,0,10.4,4.6,73.125,1,7.7375,2.07916666666667
"2016-12-19",0.27569963099631,0,0,12.7,4.5,88.25,0,8.13333333333333,1.27916666666667
"2016-12-20",0.283162481536189,0,0,12,3.1,78.9166666666667,0,7.07083333333333,1.23333333333333
"2016-12-21",0.28412389380531,0,0,15.5,6,85.625,1,11.1291666666667,3.37916666666667
"2016-12-22",0.275047970479705,0,0,7.7,0.8,77.6666666666667,1,3.97916666666667,4.86666666666667
"2016-12-23",0.262481918819188,0,0,0.4,-2.1,74.1666666666667,1,-0.416666666666667,2.725
"2016-12-24",0.317070110701107,1,0,0.9,-3.8,72.5,0,-1.07916666666667,1.15416666666667
"2016-12-25",0.30249963099631,1,0,5.3,-1.1,76.7083333333333,0,2.51666666666667,0.583333333333333
"2016-12-26",0.252669128508124,0,0,5.2,0.6,77.5416666666667,1,3.6125,2.00416666666667
"2016-12-27",0.269167157584683,0,0,0.9,-6.7,60.375,0,-2.32083333333333,3.12083333333333
"2016-12-28",0.266129197080292,0,0,2.2,-3.5,63.2083333333333,1,-0.620833333333333,1.52916666666667
"2016-12-29",0.260826627651792,0,0,1,-5.8,63.5833333333333,0,-2.62083333333333,2.22916666666667
"2016-12-30",0.285464128843338,0,0,3.3,-3.8,74.4166666666667,1,1.10416666666667,1.31666666666667
"2016-12-31",0.367442406456346,1,0,6.6,1.7,80.2083333333333,0,3.44583333333333,0.866666666666667
"2017-01-01",0.37917340191036,1,0,10.2,3.1,79.7916666666667,0,6.025,1.22083333333333
"2017-01-02",0.329234604105572,0,0,10.4,0,78.5833333333333,0,5.09583333333333,1.4125
"2017-01-03",0.22553536121673,0,0,8.7,2,72.375,0,4.40833333333333,1.15
"2017-01-04",0.352885546588408,0,0,9,2.6,58.4166666666667,0,5.35,1.46666666666667
"2017-01-05",0.304802351212344,0,0,7.6,2.5,60.5833333333333,0,6.1625,2.35
"2017-01-06",0.315748520710059,0,0,11.2,-1.8,79.625,0,4.32083333333333,1.2
"2017-01-07",0.345595150624541,1,0,9,0.3,69.875,0,6.06666666666667,1.66666666666667
"2017-01-08",0.339496698459281,1,0,11.4,2.7,69.375,0,6.06666666666667,2.40833333333333
"2017-01-09",0.302027126099707,0,0,5.3,-3.3,63.2083333333333,0,0.616666666666667,2.13333333333333
"2017-01-10",0.302019033674963,0,0,2.6,-6.8,56.75,0,-1.8375,2.2375
"2017-01-11",0.303062637362637,0,0,2.9,-4,69.1666666666667,1,-0.2,1.4125
"2017-01-12",0.297557509157509,0,0,2.9,-4.9,63.0833333333333,1,-1.72916666666667,1.42083333333333
"2017-01-13",0.305122794117647,0,0,-1.2,-5.9,57.5833333333333,1,-3.2375,3.00833333333333
"2017-01-14",0.242798048048048,1,0,-3.4,-7.6,42.25,0,-5.46666666666667,2.62916666666667
"2017-01-15",0.287154906731549,1,0,-0.4,-7.5,53,0,-3.64166666666667,1.44166666666667
"2017-01-16",0.281977635782748,0,0,3.2,-7.7,62.5833333333333,0,-2.96666666666667,0.970833333333333
"2017-01-17",0.345530537159676,0,0,4.1,-4.4,68.2083333333333,0,0.104166666666667,0.641666666666667
"2017-01-18",0.283626745040411,0,0,4.9,-3.2,74.125,1,0.233333333333333,2.02916666666667
"2017-01-19",0.290304886943837,0,0,6,-2.9,70.375,1,-0.154166666666667,2.9
"2017-01-20",0.276324580598104,0,0,-1.3,-6.8,73.0416666666667,0,-4.01666666666667,4.07083333333333
"2017-01-21",0.319503649635037,1,0,1.3,-4.6,68.9583333333333,1,-1.65,5.2375
"2017-01-22",0.322110989010989,1,0,-3.3,-6,53.0416666666667,0,-4.7375,6.25416666666667
"2017-01-23",0.314667885881492,0,0,-2.4,-9.1,63.25,0,-5.63333333333333,4.7375
"2017-01-24",0.327421897810219,0,0,-0.3,-9,65.5416666666667,0,-4.9375,3.40416666666667
"2017-01-25",0.339584974471189,0,0,2.2,-6.9,69.2083333333333,0,-3.19166666666667,1.45416666666667
"2017-01-26",0.411360524399126,0,0,5.9,-3,71.8333333333333,1,1.9125,5.39166666666667
"2017-01-27",0.654271532846715,0,1,1,-6.5,54.8333333333333,0,-2.8375,3.72916666666667
"2017-01-28",0.679907596785975,1,1,5.8,-3.3,48.125,1,1.65,1.475
"2017-01-29",0.486171407731583,1,1,4.1,-3.2,79.375,1,0.5625,4.90416666666667
"2017-01-30",0.345479941648432,0,1,-1.6,-8.2,61.3333333333333,0,-5.025,3.8
"2017-01-31",0.30527299270073,0,0,1,-5.3,56.6666666666667,0,-2.37083333333333,2.28333333333333
"2017-02-01",0.306576221735959,0,0,2,-7.1,49.75,0,-2.525,5.3875
"2017-02-02",0.32825,0,0,5.4,-3.6,68.9583333333333,0,0.0375,2.825
"2017-02-03",0.320767883211679,0,0,6.9,-3.6,79.4166666666667,0,0.891666666666667,1.3875
"2017-02-04",0.321586383601757,1,0,7,0.7,67.5416666666667,0,3.3375,1.025
"2017-02-05",0.318316752011704,1,0,4,-1.9,68.9166666666667,1,1.5375,5.81666666666667
"2017-02-06",0.301664483260553,0,0,2,-4.2,54.7916666666667,0,-1.00833333333333,5.26666666666667
"2017-02-07",0.297338427947598,0,0,3.3,-5,58.2916666666667,0,-1.14166666666667,2.74166666666667
"2017-02-08",0.302898835516739,0,0,2.2,-3.9,54.5,0,-0.725,5.10833333333333
"2017-02-09",0.296943107221007,0,0,-1.6,-5.9,46.1666666666667,0,-3.575,6.42916666666667
"2017-02-10",0.308825420014609,0,0,-2.8,-5.6,47.1666666666667,0,-4.18333333333333,5.72916666666667
"2017-02-11",0.345033625730994,1,0,0,-6.9,56.7083333333333,0,-2.925,4.775
"2017-02-12",0.358178102189781,1,0,4.4,-6,66,0,-1.68333333333333,2.75
"2017-02-13",0.321989043097151,0,0,4.5,-3.9,71.2916666666667,0,0.433333333333333,2.51666666666667
"2017-02-14",0.321205689277899,0,0,5.9,-4.4,61.875,0,-0.158333333333333,1.97083333333333
"2017-02-15",0.312503277494537,0,0,6.8,-0.3,66.5416666666667,0,2.50833333333333,2.83333333333333
"2017-02-16",0.327141709276844,0,0,11.5,0.5,75.625,1,7.81666666666667,5.45833333333333
"2017-02-17",0.306422432629279,0,0,2.6,-6.4,54.5416666666667,0,-1.75,5.2125
"2017-02-18",0.331605109489051,1,0,3,-3.9,60.9583333333333,0,-1.075,3.0875
"2017-02-19",0.318458394160584,1,0,8.4,-1,69.7083333333333,1,5.2125,6.4625
"2017-02-20",0.277606413994169,0,0,-0.6,-6,51.7916666666667,0,-2.96666666666667,5.52916666666667
"2017-02-21",0.267431386861314,0,0,5.8,-2.2,56,0,1.57083333333333,1.32083333333333
"2017-02-22",0.261301755669349,0,0,3.9,-0.9,79.4583333333333,1,1.29166666666667,5.5
"2017-02-23",0.285290816326531,0,0,2.1,-6,53.9166666666667,0,-1.55833333333333,5.97916666666667
"2017-02-24",0.295830656934307,0,0,4.5,-3.8,65.1666666666667,0,0.170833333333333,2.89166666666667
"2017-02-25",0.317253284671533,1,0,8.2,-1.3,71.2083333333333,0,2.8125,3.22916666666667
"2017-02-26",0.346288742690058,1,0,8.6,-2.6,58.0833333333333,0,3.1,2.75833333333333
"2017-02-27",0.305271334792123,0,0,9.5,-3.1,52.4583333333333,0,2.47916666666667,1.71666666666667
"2017-02-28",0.303720029239766,0,0,11.3,2,52.2916666666667,0,5.725,3.07083333333333
"2017-03-01",0.29936853605244,1,0,9.1,-0.8,61.5833333333333,1,4.71666666666667,3.39166666666667
"2017-03-02",0.27791234477721,0,0,3.3,-4,64.625,0,-0.204166666666667,3.73333333333333
"2017-03-03",0.275083941605839,0,0,8.5,-1.2,70.2083333333333,0,3.4,3.47083333333333
"2017-03-04",0.329428780131483,1,0,12,-0.5,69.375,0,4.6,1.7625
"2017-03-05",0.335728862973761,1,0,11.5,-1.9,62.9583333333333,0,4.9125,3.9625
"2017-03-06",0.28550036416606,0,0,4.6,-2.8,52.3333333333333,1,0.5,4.75
"2017-03-07",0.264390670553936,0,0,1,-4,51.9166666666667,0,-1.02083333333333,5.17916666666667
"2017-03-08",0.267449307075128,0,0,6.1,-3.2,58,0,1.69583333333333,4.35416666666667
"2017-03-09",0.27572388604821,0,0,10.5,-2.8,62.5416666666667,0,3.99166666666667,4.0375
"2017-03-10",0.302229136163982,0,0,11.9,-0.7,51.8333333333333,0,4.81666666666667,2.02083333333333
"2017-03-11",0.342629114850037,1,0,15.2,2.1,52.7083333333333,0,7.6,1.87916666666667
"2017-03-12",0.369465542521994,1,0,15.7,1,61.6666666666667,0,7.86666666666667,3.4625
"2017-03-13",0.305986121256392,0,0,8.8,0,53.1666666666667,0,4.99166666666667,3.62916666666667
"2017-03-14",0.302175182481752,0,0,9,0.6,48.25,0,4.67083333333333,4.94583333333333
"2017-03-15",0.295932797662527,0,0,11,-3,55.0833333333333,0,3.29583333333333,2.05833333333333
"2017-03-16",0.298622076023392,0,0,12.1,-1.9,57.4166666666667,0,5.09166666666667,2.25416666666667
"2017-03-17",0.284152158010241,0,0,15.1,3.1,46.5416666666667,0,7.7875,1.5875
"2017-03-18",0.365710914454277,1,0,17.4,0.7,45.2916666666667,0,7.91250004166667,1.92916666666667
"2017-03-19",0.364522091310751,1,0,18,2.8,44.3333333333333,0,10.2041666666667,2.30833333333333
"2017-03-20",0.289333579335793,0,0,13.7,2.6,54.9166666666667,0,8.04583333333333,1.92083333333333
"2017-03-21",0.285900293255132,0,0,10.4,-0.2,54.9166666666667,0,5.15416666666667,4.05833333333333
"2017-03-22",0.309552380952381,0,0,12.6,3.2,44,0,7.83333333333333,2.2
"2017-03-23",0.301151648351648,0,0,13.5,1.1,50.2916666666667,0,6.79166666666667,2.5625
"2017-03-24",0.322899707174231,0,0,13.2,2.8,53.2916666666667,0,7.4875,1.39166666666667
"2017-03-25",0.371114369501466,1,0,12.2,0.1,51.9583333333333,0,5.79166666666667,1.70833333333333
"2017-03-26",0.378146886446886,1,0,10.5,3.1,69.5,0,6.09166666666667,2.24166666666667
"2017-03-27",0.296111111111111,0,0,11.9,2.2,69,0,6.07083333333333,2.54166666666667
"2017-03-28",0.297643956043956,0,0,11.5,2.8,65.7916666666667,0,7.45833333333333,2.14583333333333
"2017-03-29",0.323082723279649,0,0,13.7,1.2,60.7916666666667,0,6.92916666666667,2.29583333333333
"2017-03-30",0.326099779897285,0,0,16.5,7.6,55.2083333333333,0,10.8541666666667,2.59583333333333
"2017-03-31",0.302498535871157,0,0,13.6,2.1,70.3333333333333,0,8.26666666666667,2.39583333333333
"2017-04-01",0.396220921726408,1,0,13.7,1.1,59.75,0,7.55833333333333,2.35
"2017-04-02",0.430214494875549,1,0,16.1,2.4,61.7916666666667,0,8.19583333333333,2.675
"2017-04-03",0.326452084857352,0,0,15.3,7.1,59.2083333333333,0,10.6958333333333,3.28333333333333
"2017-04-04",0.313932551319648,0,0,19.299999,9.5,40.5416666666667,1,13.8875,2.63333333333333
"2017-04-05",0.285075182481752,0,0,14.7,9,90.2916666666667,1,11.5458333333333,4.95
"2017-04-06",0.293825128581925,0,0,12.6,8.2,83.5416666666667,0,9.8,1.95
"2017-04-07",0.31799197080292,0,0,18.799999,5.4,76.0416666666667,0,11.3625000416667,2.37916666666667
"2017-04-08",0.367104029304029,1,0,16.6,7.9,74.4166666666667,0,10.9291666666667,2.47083333333333
"2017-04-09",0.379900584795322,1,0,22.4,12.3,40.3333333333333,0,16.2249999166667,3.525
"2017-04-10",0.312694057226706,0,0,22.4,9.5,38,0,15.21666675,3.10833333333333
"2017-04-11",0.308540263543192,0,0,17.700001,6.9,34.6666666666667,0,12.608333375,4.29166666666667
"2017-04-12",0.324521897810219,0,0,16.799999,4.3,45.8333333333333,0,10.154166625,3.17916666666667
"2017-04-13",0.308602479941648,0,0,16.6,10.8,51.7916666666667,0,13.2458333333333,6.74166666666667
"2017-04-14",0.306975929978118,0,0,17.4,9.8,74.2916666666667,1,12.6708333333333,5.65416666666667
"2017-04-15",0.401636695906433,1,0,21.799999,10.3,74.2083333333333,0,15.0541667083333,3.7375
"2017-04-16",0.411543398978848,1,0,25.799999,12.5,69.125,1,17.483333375,1.57916666666667
"2017-04-17",0.308418859649123,0,0,16.1,8.3,84.5,1,11.95,2.87916666666667
"2017-04-18",0.320422011661808,0,0,14.8,4.5,70.25,1,10.4125,4.875
"2017-04-19",0.308876099706745,0,0,18.4,9.3,52.75,0,12.6416666666667,1.79166666666667
"2017-04-20",0.287897209985316,0,0,14.9,4.5,69,1,10.0916666666667,1.54166666666667
"2017-04-21",0.324252014652015,0,0,19.5,6.8,64.6666666666667,0,12.7875000416667,2.44166666666667
"2017-04-22",0.38449524506218,1,0,21.4,5.1,54.8333333333333,0,13.283333125,1.95416666666667
"2017-04-23",0.410703296703297,1,0,19.5,7.3,48.6666666666667,0,13.1291667083333,3.62083333333333
"2017-04-24",0.311707906295754,0,0,20.299999,12,55.625,0,15.6458333333333,4.17083333333333
"2017-04-25",0.315435803374908,0,0,19.9,10.9,67.375,0,14.5541665,2.65416666666667
"2017-04-26",0.336972893772894,0,0,20.1,7.3,49,0,12.9875000833333,3.49583333333333
"2017-04-27",0.33805347985348,0,0,20,7.4,60.7083333333333,0,13.2958333333333,4.225
"2017-04-28",0.362511704462326,0,0,19.4,8.1,72.625,0,13.1583333333333,3.60833333333333
"2017-04-29",0.430945827232797,1,0,22.200001,13,58.75,0,16.8833333333333,6.2375
"2017-04-30",0.481652747252747,1,0,22.799999,11.7,79.0833333333333,0,15.699999875,3.80416666666667
"2017-05-01",0.434801324503311,0,0,28.9,9.7,62.0833333333333,0,18.1500001666667,1.7
"2017-05-02",0.389944158706833,0,0,26.5,10.6,50.25,0,18.8958335833333,2.74166666666667
"2017-05-03",0.467875917767988,1,0,29.4,13.3,51.8333333333333,0,20.1666667916667,1.75833333333333
"2017-05-04",0.472479059515062,0,0,26.799999,15.5,58.8333333333333,0,20.654166875,2.09583333333333
"2017-05-05",0.598010279001468,1,0,28,7.7,56.3333333333333,0,18.1541665416667,3.59583333333333
"2017-05-06",0.581129032258065,1,0,19.799999,9.4,65.0416666666667,0,14.2749999583333,4.1125
"2017-05-07",0.511359501100514,1,0,24.299999,11,61.25,0,16.820833375,3.32083333333333
"2017-05-08",0.332363033873343,0,0,20.799999,11.6,57.0416666666667,1,16.3791664583333,2.97083333333333
"2017-05-09",0.326710719530103,1,0,21.299999,12.6,85.5,1,15.4124999583333,2.00833333333333
"2017-05-10",0.325367227505486,0,0,19.9,13.4,77.9166666666667,0,16.0916667916667,2.8125
"2017-05-11",0.332391623806025,0,0,23.700001,16.299999,78.9166666666667,0,19.3291665833333,4.52916666666667
"2017-05-12",0.330433807030666,0,0,20.200001,12.4,85.5416666666667,0,16.320833375,3.08333333333333
"2017-05-13",0.399828445747801,1,0,21.299999,8.8,81.5833333333333,1,14.3708333333333,4.71666666666667
"2017-05-14",0.403182551319648,1,0,19.200001,10,59.75,0,15.1500000833333,4.82916666666667
"2017-05-15",0.345559970566593,0,0,18.6,10.9,77.0416666666667,0,14.441666625,2.85833333333333
"2017-05-16",0.338061119293078,0,0,21.799999,9.8,76.4166666666667,0,15.041666625,1.8875
"2017-05-17",0.356465466568699,0,0,25,12.9,61.0416666666667,0,18.1750000416667,1.90833333333333
"2017-05-18",0.391965643274854,0,0,24.700001,13.6,65,0,18.9875000416667,3.46666666666667
"2017-05-19",0.408266229029905,0,0,25.799999,12.9,56.5416666666667,0,19.308333375,2.60416666666667
"2017-05-20",0.457364835164835,1,0,27.5,13.4,52.8333333333333,0,20.42083325,1.95416666666667
"2017-05-21",0.488189604685212,1,0,27.799999,13.5,62.5416666666667,0,20.733333125,1.69166666666667
"2017-05-22",0.392342565597668,0,0,28.200001,15.1,60.2083333333333,0,21.1916668333333,1.6875
"2017-05-23",0.348811086797958,0,0,23.799999,16.5,81.125,1,19.941666625,2.02083333333333
"2017-05-24",0.336521580102414,0,0,24.1,11.7,75.25,0,18.5000002083333,2.3
"2017-05-25",0.352474674384949,0,0,24.1,11,55.0833333333333,0,16.8583333333333,4.15833333333333
"2017-05-26",0.365252707581227,0,0,21.299999,9.8,64.7916666666667,0,15.3833332916667,2.84583333333333
"2017-05-27",0.449820086705202,1,0,24.200001,13.3,55.5,0,18.5625000416667,2.82083333333333
"2017-05-28",0.448169075144509,1,0,23.9,16.299999,75.4166666666667,0,19.625,6.3
"2017-05-29",0.366916606236403,0,0,25.799999,15.9,75.4583333333333,0,20.4374998333333,4.08333333333333
"2017-05-30",0.367807664497469,0,0,28.1,15.1,66.0416666666667,0,20.92916675,2.98333333333333
"2017-05-31",0.358745480838756,0,0,25.700001,19.1,85.5416666666667,1,22.07500025,1.66666666666667
"2017-06-01",0.361195950831526,0,0,23.700001,14.1,67.9166666666667,0,18.9500000416667,3.4375
"2017-06-02",0.390147505422993,0,0,23.6,13.7,55.6666666666667,1,18.5208334166667,2.5625
"2017-06-03",0.483011577424023,1,0,24,13,62,0,18.304166625,2.6875
"2017-06-04",0.509236613603473,1,0,28.299999,12.9,51.9166666666667,0,20.8208334166667,1.54583333333333
"2017-06-05",0.40620984081042,0,0,30.9,18,49.9166666666667,0,23.2124999583333,1.80416666666667
"2017-06-06",0.369108538350217,1,0,23.4,15.1,84.125,1,18.3208334166667,3.95
"2017-06-07",0.325931209268646,0,0,20.299999,15.5,89.8333333333333,0,16.9833332083333,3.7125
"2017-06-08",0.345900436046512,0,0,23.299999,16.700001,84.5416666666667,0,19.6041666666667,5.02083333333333
"2017-06-09",0.345395348837209,0,0,25,17.200001,83.8333333333333,0,20.874999875,4.49166666666667
"2017-06-10",0.428323422770123,1,0,26.4,14.8,46.25,0,21.0791665833333,3.19166666666667
"2017-06-11",0.482373730043541,1,0,30,15.6,48.5416666666667,0,22.1500000833333,2.02916666666667
"2017-06-12",0.376457848837209,0,0,26.799999,16,64.125,1,20.795833375,1.65
"2017-06-13",0.368470246734398,0,0,26.299999,15.5,73.4583333333333,0,20.112500125,1.8625
"2017-06-14",0.385935413642961,0,0,26.700001,16.799999,76.5833333333333,0,20.949999875,2.475
"2017-06-15",0.392134880348078,0,0,26.9,19.299999,79.6666666666667,0,22.2249999583333,4.00416666666667
"2017-06-16",0.400327536231884,0,0,28.299999,18.200001,71.7083333333333,0,22.7375000833333,3.8375
"2017-06-17",0.489947101449275,1,0,28.4,17.1,68.8333333333333,0,22.4291666666667,2.40416666666667
"2017-06-18",0.533659898477157,1,0,31.4,17.700001,71.9166666666667,0,23.0375001666667,1.8625
"2017-06-19",0.394509420289855,0,0,30.799999,18.5,60.7916666666667,0,23.9166668333333,1.675
"2017-06-20",0.362081454545455,0,0,31.299999,19.700001,59.2083333333333,0,24.1375000416667,2.27083333333333
"2017-06-21",0.367761801016703,0,0,28.299999,19.700001,76.7916666666667,0,23.3874999583333,1.87083333333333
"2017-06-22",0.378829215116279,0,0,31.299999,18.1,75.625,0,23.608333375,1.87083333333333
"2017-06-23",0.384461147421932,0,0,32.799999,19.6,67.375,0,24.66666675,1.88333333333333
"2017-06-24",0.430774617067834,1,0,26.6,17.700001,74.5833333333333,1,22.1666667916667,1.30833333333333
"2017-06-25",0.471704,1,0,30.4,18.5,72.875,1,24.0666665833333,1.82916666666667
"2017-06-26",0.362248,0,0,30,19.9,79.4166666666667,1,23.9416665416667,1.50416666666667
"2017-06-27",0.32618828762046,0,0,28.9,21.4,82.125,0,24.1166665,2.19583333333333
"2017-06-28",0.335878518518519,0,0,30,20.799999,78.875,0,24.5916667083333,1.84166666666667
"2017-06-29",0.345627958579882,0,0,30.6,21.200001,81.4166666666667,0,25.0833334583333,1.78333333333333
"2017-06-30",0.361874255952381,0,0,29.299999,21.5,81.125,0,24.5666664166667,1.4
"2017-07-01",0.406735055350553,1,0,26.5,23,92.25,1,24.2666667916667,3.23333333333333
"2017-07-02",0.372968934911243,1,0,25.1,23,96.4583333333333,1,23.8333333333333,4.9625
"2017-07-03",0.325727002967359,0,0,25.700001,22.9,96.625,1,23.8916669166667,2.725
"2017-07-04",0.333034099332839,0,0,29.9,23.200001,89.1666666666667,0,26.27916675,1.625
"2017-07-05",0.372214019388516,0,0,33.099998,22.4,83,0,26.6416667916667,1.10416666666667
"2017-07-06",0.348969448584203,0,0,31.1,25,86.625,0,27.2916667083333,2.81666666666667
"2017-07-07",0.310924723247232,0,0,28.6,23.700001,93.125,1,25.929166875,5.6125
"2017-07-08",0.403755917159763,1,0,27.1,24.4,92.5833333333333,1,25.6041666666667,4.04583333333333
"2017-07-09",0.40420564216778,1,0,30,24.4,92.5416666666667,1,26.3916665416667,4.61666666666667
"2017-07-10",0.281825925925926,0,0,25.799999,22.200001,95.7916666666667,1,24.1208332916667,4.72916666666667
"2017-07-11",0.332024981631154,0,0,27.9,23.700001,93.5416666666667,0,25.1333332916667,3.3625
"2017-07-12",0.339294852941176,0,0,30.700001,22.5,87.1666666666667,0,25.5666665416667,2.58333333333333
"2017-07-13",0.341602919708029,0,0,31.4,24.299999,84.75,0,27.037499875,2.9125
"2017-07-14",0.347855395683453,0,0,32.799999,23.299999,86.7916666666667,1,26.78749975,3.425
"2017-07-15",0.349037490987743,1,0,26.700001,23.1,96.125,1,24.8458333333333,3.44166666666667
"2017-07-16",0.356700288184438,1,0,27.1,24.4,97.4583333333333,1,25.8958334583333,2.6625
"2017-07-17",0.299369408369408,0,0,25.9,23.5,96.625,1,24.4375000833333,2.31666666666667
"2017-07-18",0.325760583941606,0,0,30.5,23.5,91.8333333333333,1,26.475,1.65416666666667
"2017-07-19",0.352198401162791,0,0,31.299999,23.4,88.875,0,26.8625000416667,1.44166666666667
"2017-07-20",0.365111913357401,0,0,32.900002,26.4,86.5416666666667,0,28.9291665416667,3.36666666666667
"2017-07-21",0.359266473569877,0,0,32.599998,26,90.875,0,28.5291664583333,3.925
"2017-07-22",0.423327160493827,1,0,29.4,25.9,94.2916666666667,0,27.2333332916667,4.18333333333333
"2017-07-23",0.408614712308813,1,0,29.799999,25.9,96.625,1,27.1874997916667,2.0625
"2017-07-24",0.342113221329438,0,0,27.9,24.5,95.9166666666667,1,26.3624999583333,1.625
"2017-07-25",0.383130116959064,0,0,32.299999,24.5,81.4166666666667,0,27.6166667916667,2.83333333333333
"2017-07-26",0.379822580645161,0,0,32.400002,23,84.4166666666667,0,27.2916666666667,1.6625
"2017-07-27",0.38030345334313,0,0,33.200001,25.6,86.0416666666667,1,27.8875001666667,1.91666666666667
"2017-07-28",0.337827941176471,0,0,27.799999,23.799999,96.9166666666667,1,25.69583325,1.67083333333333
"2017-07-29",0.482465099191771,1,0,32.099998,23.700001,90.0833333333333,0,27.3666664583333,1.95
"2017-07-30",0.508914517317612,1,0,32.200001,24.9,86.2916666666667,1,27.7250000416667,1.90833333333333
"2017-07-31",0.38340206185567,0,0,25.9,23.5,97,1,24.216666625,1.6125
"2017-08-01",0.447503703703704,0,0,34,23.799999,83.75,0,28.7749999166667,1.2125
"2017-08-02",0.486930957683742,0,0,33.700001,25.9,84.2083333333333,0,29.6791667083333,1.86666666666667
"2017-08-03",0.459465722801788,0,0,33.200001,24.5,79.125,0,28.870833375,2
"2017-08-04",0.483133136094675,0,0,34.900002,25.700001,79.75,0,29.687500125,1.65833333333333
"2017-08-05",0.532532938564027,1,0,36.299999,26.799999,82.25,0,30.7458330416667,1.85
"2017-08-06",0.462562638172439,1,0,34.299999,23.200001,88.9583333333333,1,27.3291665833333,1.35833333333333
"2017-08-07",0.387361749444033,0,0,33.599998,23,83.75,0,27.8500000416667,1.3125
"2017-08-08",0.389008046817849,0,0,31.200001,22.700001,88.9166666666667,1,26.6999999166667,1.47083333333333
"2017-08-09",0.361789244186047,0,0,30.700001,23.799999,86.375,0,26.258333375,2.0875
"2017-08-10",0.381129643117261,0,0,31.4,21.9,88.9583333333333,0,26.3791667916667,1.62916666666667
"2017-08-11",0.396780931586608,0,0,30.700001,22.700001,86.875,0,26.670833625,1.90416666666667
"2017-08-12",0.494687819110139,1,0,31.5,23.6,84.125,1,26.5916665833333,1.96666666666667
"2017-08-13",0.450229257641921,1,0,26.6,20.700001,87.375,1,23.4625001666667,3.1375
"2017-08-14",0.34139404934688,0,0,23.9,21.5,97.2916666666667,1,22.583333375,4.76666666666667
"2017-08-15",0.343761454545455,1,0,26,23.1,98.2083333333333,1,24.691666625,3.29166666666667
"2017-08-16",0.343191411935953,0,0,28.1,23,93.7916666666667,1,25.0625002083333,1.61666666666667
"2017-08-17",0.339391588107324,0,0,29.799999,20.9,91.0416666666667,1,24.8874999166667,1.22916666666667
"2017-08-18",0.336917385057471,0,0,29.700001,22,92.5,1,25.3375000833333,1.65416666666667
"2017-08-19",0.415833333333333,1,0,30.200001,22.4,91.6666666666667,1,25.2958334166667,2.27083333333333
"2017-08-20",0.364399283154122,1,0,28.1,23.6,95.125,1,25.3416667083333,4.1625
"2017-08-21",0.320099352051836,0,0,28.200001,23,95.4166666666667,1,25.504166875,3.0875
"2017-08-22",0.366181294964029,0,0,32.099998,25.5,88.6666666666667,1,28.0708332916667,2.01666666666667
"2017-08-23",0.328674335010784,0,0,31,26.799999,94.4166666666667,1,28.3416665833333,5.96666666666667
"2017-08-24",0.300672178289001,0,0,28.4,20.700001,97.7916666666667,1,24.4041667083333,3.40416666666667
"2017-08-25",0.361783369803063,0,0,32.799999,17.200001,77.5,0,24.5708333333333,1.5625
"2017-08-26",0.400592862345229,1,0,29.4,17.9,68.5416666666667,0,22.67083325,0.916666666666667
"2017-08-27",0.384129008746356,1,0,30,18.299999,77.1666666666667,0,23.2458331666667,1.09583333333333
"2017-08-28",0.31472994269341,0,0,27.700001,18.700001,83.2083333333333,1,22.3291666666667,3.48333333333333
"2017-08-29",0.316972818311874,0,0,23.4,18,50.125,0,20.1041667916667,4.78333333333333
"2017-08-30",0.298627069834413,0,0,24.1,17,84.25,0,19.7125,1.67083333333333
"2017-08-31",0.324903762662808,0,0,26.6,18.5,70.0833333333333,0,22.2791665833333,2.85
"2017-09-01",0.327132806891601,0,0,28.700001,17.200001,72.9166666666667,0,22.7416667083333,2.90416666666667
"2017-09-02",0.403313669064748,1,0,28.1,17,81.125,0,22.2958335416667,1.45
"2017-09-03",0.40480976310122,1,0,28.700001,16.799999,80.2916666666667,0,22.983333375,1.44166666666667
"2017-09-04",0.338936017253774,0,0,30,18.700001,67,0,23.524999875,1.28333333333333
"2017-09-05",0.288581706435286,0,0,22.6,19.1,88.8333333333333,0,21.0208334166667,1.34583333333333
"2017-09-06",0.296569675090253,0,0,24,17.799999,89.0416666666667,1,20.1624999166667,1.85416666666667
"2017-09-07",0.342315827338129,0,0,27.6,18.9,86.75,0,22.7083332916667,2.1
"2017-09-08",0.351226387887527,0,0,29.700001,17.700001,81.8333333333333,0,22.837499875,1.625
"2017-09-09",0.403245133381399,1,0,29.700001,17.200001,84.6666666666667,0,21.9249999583333,1.27916666666667
"2017-09-10",0.401443722943723,1,0,27.6,17.9,83.4583333333333,1,22.6166665833333,1.86666666666667
"2017-09-11",0.30154964028777,0,0,24.6,17.4,89.125,0,20.2291665833333,2.52083333333333
"2017-09-12",0.329235251798561,0,0,26.5,15.2,72.9166666666667,0,20.541666625,3.17083333333333
"2017-09-13",0.330102729885057,0,0,27.299999,14.6,68.2083333333333,0,20.6291667083333,3.55833333333333
"2017-09-14",0.325683948863636,0,0,28.4,18.200001,63.2916666666667,0,22.8208334583333,2.88333333333333
"2017-09-15",0.336857746478873,0,0,27.5,16.4,58.1666666666667,0,21.3749999583333,3.80416666666667
"2017-09-16",0.393143159379408,1,0,27.200001,19.9,61.125,0,22.2000000833333,4.125
"2017-09-17",0.430433309809457,1,0,26.700001,16.799999,75.5,0,21.6666666666667,2.65833333333333
"2017-09-18",0.347942715700141,0,0,28.200001,19.5,81.3333333333333,0,23.0708335,3.09166666666667
"2017-09-19",0.305674418604651,0,0,27,13.7,79.625,0,22.0416665833333,4.22083333333333
"2017-09-20",0.342676781933663,0,0,23.1,12.5,74.75,0,17.5541667083333,2.5375
"2017-09-21",0.331889518413598,0,0,26.200001,12.9,76.9166666666667,0,18.9791667916667,1.47083333333333
"2017-09-22",0.354502121640736,0,0,26,15.8,81.5,0,20.1791665833333,2.05833333333333
"2017-09-23",0.385098511693834,1,0,25.5,20.700001,88.7916666666667,1,22.2041666666667,3.34583333333333
"2017-09-24",0.401660270078181,1,0,25.200001,19,91.8333333333333,0,21.5041666666667,1.92916666666667
"2017-09-25",0.339766666666667,0,0,29.299999,17.700001,70.4166666666667,0,23.6291664583333,1.5125
"2017-09-26",0.319140481245577,0,0,30.9,17,73.25,1,23.0583332083333,3.19166666666667
"2017-09-27",0.291846317280453,0,0,25.299999,18.6,71.125,0,21.4333332083333,3.5375
"2017-09-28",0.304489391796323,0,0,23.5,9.2,60.2083333333333,0,16.258333375,3.84166666666667
"2017-09-29",0.304679432624113,0,0,21.5,12.2,67.2916666666667,0,16.7666664583333,2.47083333333333
"2017-09-30",0.380088904694168,1,0,25.1,14.3,76.2916666666667,0,19.3291665416667,2.4875
"2017-10-01",0.410116254416961,1,1,20.200001,15,87.5,1,16.4166667916667,3.75416666666667
"2017-10-02",0.525134465675867,1,1,25.200001,15.3,62.375,0,19.7250000416667,3.9375
"2017-10-03",0.774180339462518,1,1,20.1,12.9,57.6666666666667,0,16.04166675,5.15833333333333
"2017-10-04",0.799596031183558,0,1,19.700001,12.2,68.7916666666667,0,16.6958334583333,3.3
"2017-10-05",0.663085348506401,0,1,22,15.4,69.125,0,18.204166875,1.95416666666667
"2017-10-06",0.524110795454545,0,1,22.6,13.8,79.7083333333333,0,18.5208333333333,2.58333333333333
"2017-10-07",0.488220326936745,1,1,24.799999,16.4,83.375,0,20.0041667916667,1.7625
"2017-10-08",0.430270078180526,1,1,25.6,16.4,83.25,0,20.0083334166667,1.225
"2017-10-09",0.380928876244666,1,1,26.1,17.6,86.75,0,20.5958331666667,1.31666666666667
"2017-10-10",0.296942553191489,0,0,24.700001,15.3,88.75,1,20.116666625,3.91666666666667
"2017-10-11",0.280579802259887,0,0,18.299999,12.6,69.7083333333333,1,14.4874999166667,4.69583333333333
"2017-10-12",0.277853087295955,0,0,14.8,7.1,73.0833333333333,1,10.7375,3.3625
"2017-10-13",0.29135390070922,0,0,17.4,8.2,63.25,0,13.6083332916667,3.45
"2017-10-14",0.327162774239207,1,0,20,11.9,45.5,0,15.40833325,3.69583333333333
"2017-10-15",0.346922041105599,1,0,22,14.4,61.75,0,17.2541666666667,2.725
"2017-10-16",0.293633593196315,0,0,20.200001,8.8,60.7916666666667,0,15.0250000833333,3.44583333333333
"2017-10-17",0.289540042523033,0,0,21.4,14.6,60.125,0,17.0833334166667,3.34583333333333
"2017-10-18",0.286312322946176,0,0,18.5,11.1,69.25,0,15.67083325,2.37083333333333
"2017-10-19",0.300524485450674,0,0,21,10,71.875,0,16.125,2.69166666666667
"2017-10-20",0.315723991507431,0,0,23.5,13.9,68.4583333333333,0,17.5999999583333,3.02916666666667
"2017-10-21",0.363608480565371,1,0,21.6,13.9,62.6666666666667,0,17.299999875,4.1125
"2017-10-22",0.375371468926554,1,0,22.6,10.7,56.25,0,16.045833375,4.45416666666667
"2017-10-23",0.30882507082153,0,0,18.700001,8.4,69.5833333333333,0,12.7625000416667,1.60416666666667
"2017-10-24",0.292368794326241,0,0,19.6,6.7,76.875,0,12.77916675,1.72083333333333
"2017-10-25",0.301512711864407,0,0,20,7.5,77.6666666666667,0,12.8916666666667,1.89166666666667
"2017-10-26",0.291780539772727,0,0,20.700001,12.3,70.7916666666667,0,15.57916675,1.59583333333333
"2017-10-27",0.326288857345635,0,0,21.299999,11.6,69.0833333333333,0,16.6124999583333,3.51666666666667
"2017-10-28",0.382356737588652,1,0,23.1,11.3,66.5416666666667,0,16.995833375,4.075
"2017-10-29",0.372169252468265,1,0,16,5.3,44.3333333333333,0,9.80833333333333,7.47916666666667
"2017-10-30",0.291268688293371,0,0,12.1,2.2,64.7916666666667,0,6.75416666666667,3.12916666666667
"2017-10-31",0.303941549295775,0,0,16.5,9.1,76,0,12.1041667083333,2.7125
"2017-11-01",0.293492610837438,0,0,17.6,12.6,85.1666666666667,0,14.5333332916667,2.50833333333333
"2017-11-02",0.298892211404729,0,0,18.799999,10.4,90.9583333333333,1,13.808333375,2.60416666666667
"2017-11-03",0.301634602076125,0,0,14.8,3.5,59.6666666666667,0,8.98333333333333,4.04583333333333
"2017-11-04",0.357429958391123,1,0,12.9,2.4,73.2916666666667,0,6.48333333333333,2.70833333333333
"2017-11-05",0.379198335644938,1,0,15.3,4.3,78.6666666666667,0,8.51666666666667,2.04166666666667
"2017-11-06",0.309374045801527,0,0,16.1,7.1,77.5416666666667,0,10.6625,2.13333333333333
"2017-11-07",0.303476388888889,0,0,21.1,12.2,79.875,1,16.0041668333333,2.88333333333333
"2017-11-08",0.314631761442441,0,0,15.9,2.5,63.25,0,9.11666666666667,4.50416666666667
"2017-11-09",0.314086745315753,0,0,16.700001,5.3,62.2916666666667,0,10.3750000416667,2.02083333333333
"2017-11-10",0.302168282548476,0,0,15.7,4.7,65.7083333333333,1,9.80833333333333,3.74583333333333
"2017-11-11",0.357572122052705,1,0,9.9,0.5,73.1666666666667,0,4.7625,3.14583333333333
"2017-11-12",0.378683844011142,1,0,13.1,2.2,76.8333333333333,0,6.38333333333333,1.47916666666667
"2017-11-13",0.303484722222222,0,0,12.4,6.4,70.3333333333333,1,10.675,5.32916666666667
"2017-11-14",0.31559680777238,0,0,12.6,4.7,50,0,8.14166666666667,5.95416666666667
"2017-11-15",0.295721606648199,0,0,9,-0.5,55.3333333333333,0,4.35833333333333,5.15833333333333
"2017-11-16",0.295520500347464,0,0,7,-1.8,65.2083333333333,0,2.29583333333333,2.4125
"2017-11-17",0.320009735744089,0,0,9.3,-0.5,58.7083333333333,1,5.00833333333333,4.80833333333333
"2017-11-18",0.433723108952117,1,0,2,-3.1,52.375,0,-0.383333333333333,3.17916666666667
"2017-11-19",0.438438022284123,1,0,3.8,-1.4,66.75,0,1.49583333333333,3.23333333333333
"2017-11-20",0.323691556175855,0,0,7.8,-3.6,76.0416666666667,1,1.89583333333333,3.325
"2017-11-21",0.323739554317549,0,0,8.9,0.6,69.3333333333333,1,5.07083333333333,2.825
"2017-11-22",0.322193615544761,0,0,12.6,-1.7,63.125,1,4.92083333333333,5.17083333333333
"2017-11-23",0.314662274618585,0,0,5.9,-0.8,68.625,1,2.55,5.37083333333333
"2017-11-24",0.350455555555556,0,0,3.7,-2.3,81.9583333333333,1,0.65,2.6125
"2017-11-25",0.499369444444444,1,0,10.9,3,84.9166666666667,1,7.125,5.17916666666667
"2017-11-26",0.460824911032028,1,0,10.7,-1.7,70.5416666666667,0,3.0875,3.71666666666667
"2017-11-27",0.312686494051784,0,0,9.2,-1.4,72.875,0,2.4375,1.54583333333333
"2017-11-28",0.304440701754386,0,0,12.1,4.5,75.4583333333333,0,8.05416666666667,3.825
"2017-11-29",0.30069357092942,0,0,5.9,-1.3,50,0,2.05833333333333,5.7875
"2017-11-30",0.298673654786862,0,0,2.1,-3.1,48.0833333333333,0,-0.5125,5.53333333333333
"2017-12-01",0.315175893482831,0,0,4.8,-3.1,72,1,0.05,2.4875
"2017-12-02",0.397967696629213,1,0,6.8,2.1,75.625,1,4.75833333333333,3.01666666666667
"2017-12-03",0.376440618411806,1,0,11.3,1.8,75.6666666666667,0,5.95,3.36666666666667
"2017-12-04",0.295403437142091,0,0,1.7,-4.2,53.375,0,-1.12083333333333,5.575
"2017-12-05",0.363356087262491,0,0,0.8,-3.7,76.2083333333333,1,-1.42916666666667,2.74166666666667
"2017-12-06",0.293377186843947,0,0,6.3,1.6,80.875,1,4.09166666666667,4.175
"2017-12-07",0.289038677576259,0,0,6.3,-2.2,55.25,0,1.4375,4.92083333333333
"2017-12-08",0.308586228913649,0,0,1.5,-3,73.5833333333333,1,-1.24583333333333,2.8125
"2017-12-09",0.322981665837311,1,0,6.2,0,78.875,1,2.7125,2.92083333333333
"2017-12-10",0.377922091815221,1,0,8.9,-3,64.4583333333333,1,1.8625,6.36666666666667
"2017-12-11",0.303308209965139,0,0,-2.4,-6.3,60.625,0,-4.65,6.45833333333333
"2017-12-12",0.303005485533559,0,0,-3.3,-6.6,59.125,0,-4.9375,4.42083333333333
"2017-12-13",0.308963348081712,0,0,-1.2,-8.9,61.2916666666667,0,-5.49166666666667,3.42083333333333
"2017-12-14",0.279239496674539,0,0,-0.9,-7.1,64.625,0,-4.12916666666667,1.60416666666667
"2017-12-15",0.295078114004222,0,0,3.2,-3.7,67,0,-0.1125,3.75416666666667
"2017-12-16",0.351752461322082,1,0,-0.9,-6.2,58.125,0,-3.925,4.70833333333333
"2017-12-17",0.315027542372881,1,0,2.9,-4.9,68.4166666666667,0,-2.475,2.4
"2017-12-18",0.300309103740296,0,0,7.2,-2.4,57.0416666666667,0,2.75416666666667,5.5125
"2017-12-19",0.286873676781934,0,0,0,-5.5,66.25,0,-2.70833333333333,3.26666666666667
"2017-12-20",0.28576183745583,0,0,2.2,-4.8,88.7083333333333,1,-1.10833333333333,3.34166666666667
"2017-12-21",0.272619249823071,0,0,6.1,-2,75.7916666666667,0,0.858333333333333,1.40416666666667
"2017-12-22",0.281131112686038,0,0,8.2,2.8,84.1666666666667,0,4.83333333333333,2.67916666666667
"2017-12-23",0.321444839857651,1,0,10.8,5.3,87.625,1,6.9125,2.26666666666667
"2017-12-24",0.338075725406936,1,0,6.3,-2.7,70.7916666666667,1,1.85416666666667,5.99166666666667
"2017-12-25",0.318448446327684,1,0,1.7,-2.2,71.875,1,-0.358333333333333,3.7875
"2017-12-26",0.276730551626591,0,0,1.1,-6.9,51.0833333333333,0,-3.41666666666667,5.825
"2017-12-27",0.272733664772727,0,0,-1.6,-6.2,60.5416666666667,0,-3.49583333333333,2.52083333333333
"2017-12-28",0.274743937232525,0,0,3.2,-1.6,76.875,0,0.729166666666667,1.7375
"2017-12-29",0.289985724482512,0,0,8.2,-1,85.8333333333333,0,2.40416666666667,1.81666666666667
"2017-12-30",0.321759285714286,1,0,4.3,-0.8,86,1,1.65833333333333,3.5125
"2017-12-31",0.330597578347578,1,0,4.3,-4.5,62.8333333333333,0,-0.308333333333333,3.925
